,Data,ID_Produto,Preco_Unitario,Promocao_Ativa,Lead_Time_Dias,Vendas_Historicas_Unidades,Estoque_Atual,Previsao_Demanda_30D
0,2023-01-01T00:00:00.000,PROD_A,21.27,false,9,204,1739,222
1,2023-01-02T00:00:00.000,PROD_A,20.34,false,9,155,1980,183
2,2023-01-03T00:00:00.000,PROD_A,18.73,true,8,166,1888,197
3,2023-01-04T00:00:00.000,PROD_A,19.72,false,9,161,511,167
4,2023-01-05T00:00:00.000,PROD_A,19.36,true,7,146,1016,170
5,2023-01-06T00:00:00.000,PROD_A,19.25,true,7,136,1137,136
6,2023-01-07T00:00:00.000,PROD_A,18.32,true,8,131,1256,151
7,2023-01-08T00:00:00.000,PROD_A,20.86,true,5,187,901,206
8,2023-01-09T00:00:00.000,PROD_A,21.99,false,8,173,5257,198
9,2023-01-10T00:00:00.000,PROD_A,18.02,false,8,166,4732,195
10,2023-01-11T00:00:00.000,PROD_A,21.01,false,5,180,4844,202
11,2023-01-12T00:00:00.000,PROD_A,20.43,false,6,164,4507,182
12,2023-01-13T00:00:00.000,PROD_A,21.87,false,8,116,3980,110
13,2023-01-14T00:00:00.000,PROD_A,21.5,false,9,153,4598,151
14,2023-01-15T00:00:00.000,PROD_A,21.29,false,5,206,4004,219
15,2023-01-16T00:00:00.000,PROD_A,20.3,false,9,186,3704,202
16,2023-01-17T00:00:00.000,PROD_A,19.4,false,9,156,3714,180
17,2023-01-18T00:00:00.000,PROD_A,20.17,false,6,140,3643,146
18,2023-01-19T00:00:00.000,PROD_A,19.74,false,5,137,3800,140
19,2023-01-20T00:00:00.000,PROD_A,21.95,true,9,173,3891,183
20,2023-01-21T00:00:00.000,PROD_A,21.56,false,5,203,3953,221
21,2023-01-22T00:00:00.000,PROD_A,19.97,false,8,197,2605,209
22,2023-01-23T00:00:00.000,PROD_A,20.37,false,7,178,3586,189
23,2023-01-24T00:00:00.000,PROD_A,18.96,false,8,173,3098,189
24,2023-01-25T00:00:00.000,PROD_A,18.11,false,7,141,2979,158
25,2023-01-26T00:00:00.000,PROD_A,21.37,false,8,168,2788,177
26,2023-01-27T00:00:00.000,PROD_A,21.79,true,5,189,1689,223
27,2023-01-28T00:00:00.000,PROD_A,21,false,9,202,2187,227
28,2023-01-29T00:00:00.000,PROD_A,19.99,false,5,203,2459,209
29,2023-01-30T00:00:00.000,PROD_A,20.8,true,6,174,1831,186
30,2023-01-31T00:00:00.000,PROD_A,20,false,5,167,2003,173
31,2023-02-01T00:00:00.000,PROD_A,18.44,false,5,184,872,205
32,2023-02-02T00:00:00.000,PROD_A,18.84,false,9,201,1541,242
33,2023-02-03T00:00:00.000,PROD_A,18.2,false,6,187,793,202
34,2023-02-04T00:00:00.000,PROD_A,20.62,false,8,179,953,192
35,2023-02-05T00:00:00.000,PROD_A,20.81,true,6,156,5085,178
36,2023-02-06T00:00:00.000,PROD_A,18.88,false,7,177,538,184
37,2023-02-07T00:00:00.000,PROD_A,19.38,false,8,180,4965,201
38,2023-02-08T00:00:00.000,PROD_A,18.31,true,5,193,5374,217
39,2023-02-09T00:00:00.000,PROD_A,18.71,false,9,225,4867,247
40,2023-02-10T00:00:00.000,PROD_A,20.73,false,7,193,5055,210
41,2023-02-11T00:00:00.000,PROD_A,20.36,false,5,192,4190,215
42,2023-02-12T00:00:00.000,PROD_A,19.03,false,8,200,4623,208
43,2023-02-13T00:00:00.000,PROD_A,20.42,true,5,157,4079,176
44,2023-02-14T00:00:00.000,PROD_A,19.22,true,9,205,4466,213
45,2023-02-15T00:00:00.000,PROD_A,20.77,false,9,182,3255,193
46,2023-02-16T00:00:00.000,PROD_A,18.63,false,9,228,3262,250
47,2023-02-17T00:00:00.000,PROD_A,20.47,false,6,206,2878,239
48,2023-02-18T00:00:00.000,PROD_A,20.45,false,5,200,2362,200
49,2023-02-19T00:00:00.000,PROD_A,18.79,false,9,180,3606,199
50,2023-02-20T00:00:00.000,PROD_A,20.82,false,7,182,2736,212
51,2023-02-21T00:00:00.000,PROD_A,18.22,false,5,193,2830,221
52,2023-02-22T00:00:00.000,PROD_A,18.17,true,5,158,2507,187
53,2023-02-23T00:00:00.000,PROD_A,19.17,false,6,213,2640,214
54,2023-02-24T00:00:00.000,PROD_A,21.05,false,6,179,2458,198
55,2023-02-25T00:00:00.000,PROD_A,19.2,true,5,190,1599,216
56,2023-02-26T00:00:00.000,PROD_A,21.05,false,8,193,1252,208
57,2023-02-27T00:00:00.000,PROD_A,20.43,false,5,214,852,225
58,2023-02-28T00:00:00.000,PROD_A,19.39,false,9,192,1725,199
59,2023-03-01T00:00:00.000,PROD_A,21.42,true,9,205,1224,208
60,2023-03-02T00:00:00.000,PROD_A,18.41,true,5,228,5220,235
61,2023-03-03T00:00:00.000,PROD_A,21.94,false,7,231,567,248
62,2023-03-04T00:00:00.000,PROD_A,19.47,false,5,205,5333,203
63,2023-03-05T00:00:00.000,PROD_A,20.53,false,7,195,5487,217
64,2023-03-06T00:00:00.000,PROD_A,20.04,false,5,211,570,246
65,2023-03-07T00:00:00.000,PROD_A,18.54,true,9,199,5271,218
66,2023-03-08T00:00:00.000,PROD_A,21.08,false,5,141,4885,161
67,2023-03-09T00:00:00.000,PROD_A,21.72,false,8,170,4941,190
68,2023-03-10T00:00:00.000,PROD_A,18.88,true,8,218,3820,261
69,2023-03-11T00:00:00.000,PROD_A,20.99,true,7,222,4323,256
70,2023-03-12T00:00:00.000,PROD_A,21.73,false,8,243,3543,272
71,2023-03-13T00:00:00.000,PROD_A,18.76,false,6,203,3667,229
72,2023-03-14T00:00:00.000,PROD_A,18.91,false,9,226,2629,244
73,2023-03-15T00:00:00.000,PROD_A,19.59,true,7,190,3590,224
74,2023-03-16T00:00:00.000,PROD_A,19.14,true,7,217,2637,241
75,2023-03-17T00:00:00.000,PROD_A,18.23,false,6,200,2197,243
76,2023-03-18T00:00:00.000,PROD_A,21.5,true,9,222,2464,239
77,2023-03-19T00:00:00.000,PROD_A,19.47,false,9,205,2560,211
78,2023-03-20T00:00:00.000,PROD_A,18.44,false,6,183,2084,188
79,2023-03-21T00:00:00.000,PROD_A,21.04,false,8,194,1351,205
80,2023-03-22T00:00:00.000,PROD_A,20,false,6,205,1730,235
81,2023-03-23T00:00:00.000,PROD_A,18.97,false,7,197,1813,223
82,2023-03-24T00:00:00.000,PROD_A,20.66,false,7,190,2723,206
83,2023-03-25T00:00:00.000,PROD_A,21.88,true,9,225,2163,257
84,2023-03-26T00:00:00.000,PROD_A,19.08,true,9,199,2752,214
85,2023-03-27T00:00:00.000,PROD_A,20.06,true,7,213,1858,224
86,2023-03-28T00:00:00.000,PROD_A,18.03,false,5,169,2771,179
87,2023-03-29T00:00:00.000,PROD_A,19.31,false,9,194,2558,197
88,2023-03-30T00:00:00.000,PROD_A,19.04,false,9,213,1804,250
89,2023-03-31T00:00:00.000,PROD_A,19.03,false,6,209,2443,247
90,2023-04-01T00:00:00.000,PROD_A,21.3,false,9,215,2053,236
91,2023-04-02T00:00:00.000,PROD_A,21.13,false,9,214,2254,241
92,2023-04-03T00:00:00.000,PROD_A,18.14,true,6,179,1838,197
93,2023-04-04T00:00:00.000,PROD_A,19.4,false,8,176,2748,184
94,2023-04-05T00:00:00.000,PROD_A,21.26,false,7,199,2137,214
95,2023-04-06T00:00:00.000,PROD_A,19.51,false,9,200,2306,224
96,2023-04-07T00:00:00.000,PROD_A,21.08,false,7,169,2149,176
97,2023-04-08T00:00:00.000,PROD_A,20.95,false,5,223,2972,273
98,2023-04-09T00:00:00.000,PROD_A,19.3,true,6,233,2504,257
99,2023-04-10T00:00:00.000,PROD_A,20.22,false,5,200,2540,238
100,2023-04-11T00:00:00.000,PROD_A,18.84,false,9,214,1756,242
101,2023-04-12T00:00:00.000,PROD_A,19.34,false,7,200,2405,226
102,2023-04-13T00:00:00.000,PROD_A,20.91,false,7,177,1928,196
103,2023-04-14T00:00:00.000,PROD_A,20.36,false,8,198,1923,220
104,2023-04-15T00:00:00.000,PROD_A,19.67,false,7,208,2262,226
105,2023-04-16T00:00:00.000,PROD_A,21.42,false,6,195,3108,220
106,2023-04-17T00:00:00.000,PROD_A,18.97,false,5,204,1667,233
107,2023-04-18T00:00:00.000,PROD_A,21.06,false,9,205,2747,228
108,2023-04-19T00:00:00.000,PROD_A,18.01,false,9,168,2006,183
109,2023-04-20T00:00:00.000,PROD_A,21.46,false,9,185,2713,194
110,2023-04-21T00:00:00.000,PROD_A,18.46,false,6,230,2735,244
111,2023-04-22T00:00:00.000,PROD_A,19.84,false,8,237,1949,281
112,2023-04-23T00:00:00.000,PROD_A,18.4,true,5,226,2770,252
113,2023-04-24T00:00:00.000,PROD_A,20.46,false,7,194,1869,207
114,2023-04-25T00:00:00.000,PROD_A,18.98,false,8,205,2346,230
115,2023-04-26T00:00:00.000,PROD_A,18.71,false,5,190,1951,221
116,2023-04-27T00:00:00.000,PROD_A,20.71,false,7,178,2146,199
117,2023-04-28T00:00:00.000,PROD_A,19.53,false,5,218,1655,222
118,2023-04-29T00:00:00.000,PROD_A,19.32,false,8,221,2460,241
119,2023-04-30T00:00:00.000,PROD_A,21.23,false,6,191,2883,207
120,2023-05-01T00:00:00.000,PROD_A,19.92,false,5,208,2719,230
121,2023-05-02T00:00:00.000,PROD_A,19.84,false,7,176,1653,193
122,2023-05-03T00:00:00.000,PROD_A,21.1,false,7,171,2633,184
123,2023-05-04T00:00:00.000,PROD_A,19.72,false,8,214,2310,230
124,2023-05-05T00:00:00.000,PROD_A,18.28,false,6,214,2429,210
125,2023-05-06T00:00:00.000,PROD_A,18.1,true,9,223,2001,255
126,2023-05-07T00:00:00.000,PROD_A,18.18,false,7,206,3028,240
127,2023-05-08T00:00:00.000,PROD_A,21.48,false,8,145,2025,158
128,2023-05-09T00:00:00.000,PROD_A,20.99,true,6,177,1937,193
129,2023-05-10T00:00:00.000,PROD_A,18.8,false,6,171,2006,183
130,2023-05-11T00:00:00.000,PROD_A,21.89,true,9,157,1666,155
131,2023-05-12T00:00:00.000,PROD_A,20.94,false,6,169,1907,200
132,2023-05-13T00:00:00.000,PROD_A,20.93,false,5,213,1773,226
133,2023-05-14T00:00:00.000,PROD_A,21.53,false,9,195,1716,213
134,2023-05-15T00:00:00.000,PROD_A,20.6,true,8,203,2753,217
135,2023-05-16T00:00:00.000,PROD_A,21.57,false,7,184,1741,202
136,2023-05-17T00:00:00.000,PROD_A,19.94,false,9,177,2024,193
137,2023-05-18T00:00:00.000,PROD_A,19.84,true,5,166,2024,173
138,2023-05-19T00:00:00.000,PROD_A,20.61,false,9,176,2100,186
139,2023-05-20T00:00:00.000,PROD_A,18.24,true,5,186,1745,199
140,2023-05-21T00:00:00.000,PROD_A,21.83,false,8,194,2946,215
141,2023-05-22T00:00:00.000,PROD_A,19.87,true,7,166,2168,172
142,2023-05-23T00:00:00.000,PROD_A,21.09,false,6,176,1962,192
143,2023-05-24T00:00:00.000,PROD_A,21.72,false,8,163,2250,171
144,2023-05-25T00:00:00.000,PROD_A,19.79,false,6,193,2495,228
145,2023-05-26T00:00:00.000,PROD_A,20.09,false,7,176,3116,178
146,2023-05-27T00:00:00.000,PROD_A,19.14,false,9,190,2291,208
147,2023-05-28T00:00:00.000,PROD_A,20.73,true,8,240,3028,268
148,2023-05-29T00:00:00.000,PROD_A,19.71,false,9,184,1891,202
149,2023-05-30T00:00:00.000,PROD_A,19.63,false,9,173,2917,194
150,2023-05-31T00:00:00.000,PROD_A,19.82,false,8,178,3117,200
151,2023-06-01T00:00:00.000,PROD_A,18.1,false,6,293,2943,320
152,2023-06-02T00:00:00.000,PROD_A,20.46,true,6,246,2075,272
153,2023-06-03T00:00:00.000,PROD_A,19.46,false,8,235,2428,256
154,2023-06-04T00:00:00.000,PROD_A,18.82,false,7,232,2373,267
155,2023-06-05T00:00:00.000,PROD_A,21.78,true,8,319,3125,371
156,2023-06-06T00:00:00.000,PROD_A,18.86,false,9,199,2254,224
157,2023-06-07T00:00:00.000,PROD_A,21.7,false,9,223,2401,261
158,2023-06-08T00:00:00.000,PROD_A,19.95,false,8,275,2697,308
159,2023-06-09T00:00:00.000,PROD_A,20.83,false,5,216,3118,246
160,2023-06-10T00:00:00.000,PROD_A,20.36,false,6,253,2991,260
161,2023-06-11T00:00:00.000,PROD_A,19.8,false,5,296,2964,338
162,2023-06-12T00:00:00.000,PROD_A,18.33,false,8,230,2878,262
163,2023-06-13T00:00:00.000,PROD_A,19.47,true,8,251,3034,286
164,2023-06-14T00:00:00.000,PROD_A,20.33,false,6,216,2923,240
165,2023-06-15T00:00:00.000,PROD_A,18.01,false,6,261,2137,281
166,2023-06-16T00:00:00.000,PROD_A,18.3,false,7,223,2805,234
167,2023-06-17T00:00:00.000,PROD_A,18.99,false,9,219,2231,247
168,2023-06-18T00:00:00.000,PROD_A,21.2,true,7,257,2443,278
169,2023-06-19T00:00:00.000,PROD_A,18.85,false,7,267,1639,295
170,2023-06-20T00:00:00.000,PROD_A,20.19,false,8,272,2568,288
171,2023-06-21T00:00:00.000,PROD_A,20.49,false,5,307,1989,325
172,2023-06-22T00:00:00.000,PROD_A,21.28,true,6,253,2684,260
173,2023-06-23T00:00:00.000,PROD_A,18.12,false,9,247,2129,272
174,2023-06-24T00:00:00.000,PROD_A,21.48,false,5,200,2451,234
175,2023-06-25T00:00:00.000,PROD_A,20.52,true,7,251,2069,289
176,2023-06-26T00:00:00.000,PROD_A,20.46,false,9,250,3096,278
177,2023-06-27T00:00:00.000,PROD_A,19.33,true,6,232,2793,253
178,2023-06-28T00:00:00.000,PROD_A,21.44,false,7,216,1846,223
179,2023-06-29T00:00:00.000,PROD_A,18.71,false,7,194,2308,214
180,2023-06-30T00:00:00.000,PROD_A,20.48,false,9,256,2923,288
181,2023-07-01T00:00:00.000,PROD_A,20.41,false,5,193,3086,223
182,2023-07-02T00:00:00.000,PROD_A,21.4,false,7,203,2139,225
183,2023-07-03T00:00:00.000,PROD_A,21.01,false,8,108,3121,104
184,2023-07-04T00:00:00.000,PROD_A,20.53,false,7,136,2910,140
185,2023-07-05T00:00:00.000,PROD_A,20.12,false,7,126,3051,147
186,2023-07-06T00:00:00.000,PROD_A,20.59,false,5,123,2562,119
187,2023-07-07T00:00:00.000,PROD_A,18.94,false,6,166,2074,186
188,2023-07-08T00:00:00.000,PROD_A,18.03,false,8,160,1759,182
189,2023-07-09T00:00:00.000,PROD_A,19.79,false,9,181,1913,200
190,2023-07-10T00:00:00.000,PROD_A,18.45,false,7,143,2381,171
191,2023-07-11T00:00:00.000,PROD_A,20.85,false,8,148,2748,167
192,2023-07-12T00:00:00.000,PROD_A,18.85,true,7,162,2795,177
193,2023-07-13T00:00:00.000,PROD_A,19.31,false,5,136,1694,159
194,2023-07-14T00:00:00.000,PROD_A,21.52,false,6,120,2251,149
195,2023-07-15T00:00:00.000,PROD_A,18.4,false,6,168,2055,189
196,2023-07-16T00:00:00.000,PROD_A,18,false,5,148,2891,167
197,2023-07-17T00:00:00.000,PROD_A,21.29,false,6,133,2482,135
198,2023-07-18T00:00:00.000,PROD_A,18.48,false,9,152,2557,178
199,2023-07-19T00:00:00.000,PROD_A,21.32,false,9,110,3024,122
200,2023-07-20T00:00:00.000,PROD_A,18.37,true,8,118,2753,129
201,2023-07-21T00:00:00.000,PROD_A,19.29,false,7,179,2076,193
202,2023-07-22T00:00:00.000,PROD_A,20.61,false,5,169,2628,176
203,2023-07-23T00:00:00.000,PROD_A,19.15,false,7,181,2827,203
204,2023-07-24T00:00:00.000,PROD_A,19.2,false,7,118,2834,126
205,2023-07-25T00:00:00.000,PROD_A,19.11,false,5,162,1931,162
206,2023-07-26T00:00:00.000,PROD_A,19.89,false,8,100,1721,114
207,2023-07-27T00:00:00.000,PROD_A,18.59,false,6,136,2526,149
208,2023-07-28T00:00:00.000,PROD_A,18.9,true,5,89,2624,95
209,2023-07-29T00:00:00.000,PROD_A,21.44,false,8,166,1976,187
210,2023-07-30T00:00:00.000,PROD_A,21.63,false,9,181,2447,212
211,2023-07-31T00:00:00.000,PROD_A,18.5,false,7,129,2313,142
212,2023-08-01T00:00:00.000,PROD_A,18.89,false,8,110,1656,115
213,2023-08-02T00:00:00.000,PROD_A,19.88,false,9,96,1981,105
214,2023-08-03T00:00:00.000,PROD_A,19.49,false,5,129,1716,123
215,2023-08-04T00:00:00.000,PROD_A,21.26,true,8,109,2170,112
216,2023-08-05T00:00:00.000,PROD_A,19.73,false,9,158,1670,167
217,2023-08-06T00:00:00.000,PROD_A,19.16,false,8,136,1958,144
218,2023-08-07T00:00:00.000,PROD_A,19.04,true,9,151,2494,166
219,2023-08-08T00:00:00.000,PROD_A,19.94,false,7,105,2852,129
220,2023-08-09T00:00:00.000,PROD_A,19.94,false,9,126,2302,129
221,2023-08-10T00:00:00.000,PROD_A,20.94,true,9,126,2911,145
222,2023-08-11T00:00:00.000,PROD_A,21.97,false,8,113,2343,120
223,2023-08-12T00:00:00.000,PROD_A,19.74,true,7,96,2391,96
224,2023-08-13T00:00:00.000,PROD_A,20.69,true,6,145,2111,156
225,2023-08-14T00:00:00.000,PROD_A,20.76,false,8,128,3101,148
226,2023-08-15T00:00:00.000,PROD_A,18.39,false,5,100,2911,120
227,2023-08-16T00:00:00.000,PROD_A,20.94,false,5,115,2326,116
228,2023-08-17T00:00:00.000,PROD_A,21.7,false,8,118,1922,118
229,2023-08-18T00:00:00.000,PROD_A,18.13,true,6,133,2654,136
230,2023-08-19T00:00:00.000,PROD_A,20.34,false,6,139,2352,176
231,2023-08-20T00:00:00.000,PROD_A,21.25,false,7,145,3059,160
232,2023-08-21T00:00:00.000,PROD_A,20.41,false,7,131,2088,148
233,2023-08-22T00:00:00.000,PROD_A,19.86,false,6,103,2626,102
234,2023-08-23T00:00:00.000,PROD_A,20.14,false,9,90,2585,97
235,2023-08-24T00:00:00.000,PROD_A,21.77,false,7,134,2763,132
236,2023-08-25T00:00:00.000,PROD_A,20.39,false,9,109,2541,127
237,2023-08-26T00:00:00.000,PROD_A,18.23,true,5,124,2778,147
238,2023-08-27T00:00:00.000,PROD_A,19.22,true,7,101,2842,109
239,2023-08-28T00:00:00.000,PROD_A,19.59,true,7,113,1913,110
240,2023-08-29T00:00:00.000,PROD_A,21.5,true,5,104,2705,118
241,2023-08-30T00:00:00.000,PROD_A,19.36,false,9,109,2732,141
242,2023-08-31T00:00:00.000,PROD_A,21.69,false,5,128,3049,129
243,2023-09-01T00:00:00.000,PROD_A,19.06,false,8,120,2668,139
244,2023-09-02T00:00:00.000,PROD_A,19.63,false,9,143,2300,161
245,2023-09-03T00:00:00.000,PROD_A,20.91,false,9,114,1790,129
246,2023-09-04T00:00:00.000,PROD_A,21.63,false,9,85,2196,88
247,2023-09-05T00:00:00.000,PROD_A,20.74,true,7,115,2761,128
248,2023-09-06T00:00:00.000,PROD_A,19.96,false,8,113,3111,118
249,2023-09-07T00:00:00.000,PROD_A,19.9,false,7,86,2012,89
250,2023-09-08T00:00:00.000,PROD_A,20.55,false,9,107,2257,119
251,2023-09-09T00:00:00.000,PROD_A,18.05,false,6,151,2343,167
252,2023-09-10T00:00:00.000,PROD_A,20.77,true,9,121,2251,140
253,2023-09-11T00:00:00.000,PROD_A,18.28,false,6,125,2267,136
254,2023-09-12T00:00:00.000,PROD_A,18.01,false,5,71,2995,80
255,2023-09-13T00:00:00.000,PROD_A,21.47,true,6,109,3004,114
256,2023-09-14T00:00:00.000,PROD_A,18.55,true,7,107,2596,124
257,2023-09-15T00:00:00.000,PROD_A,21.61,true,6,112,2395,115
258,2023-09-16T00:00:00.000,PROD_A,20.77,false,7,133,2180,139
259,2023-09-17T00:00:00.000,PROD_A,18.65,false,8,128,2153,154
260,2023-09-18T00:00:00.000,PROD_A,21.63,true,9,101,2104,119
261,2023-09-19T00:00:00.000,PROD_A,18.89,false,5,138,2531,163
262,2023-09-20T00:00:00.000,PROD_A,20.2,true,6,117,3020,149
263,2023-09-21T00:00:00.000,PROD_A,18.82,false,6,88,2125,91
264,2023-09-22T00:00:00.000,PROD_A,21.59,false,8,99,3058,112
265,2023-09-23T00:00:00.000,PROD_A,21.48,false,8,118,2552,132
266,2023-09-24T00:00:00.000,PROD_A,21.75,false,7,107,2670,132
267,2023-09-25T00:00:00.000,PROD_A,21.53,false,6,86,2322,120
268,2023-09-26T00:00:00.000,PROD_A,19.78,false,8,103,1940,104
269,2023-09-27T00:00:00.000,PROD_A,20.33,false,7,107,2503,105
270,2023-09-28T00:00:00.000,PROD_A,20.16,false,7,95,3076,102
271,2023-09-29T00:00:00.000,PROD_A,21.27,false,9,133,2333,166
272,2023-09-30T00:00:00.000,PROD_A,19.3,false,9,100,2855,116
273,2023-10-01T00:00:00.000,PROD_A,19.78,false,8,114,2134,107
274,2023-10-02T00:00:00.000,PROD_A,20.42,false,6,133,2608,141
275,2023-10-03T00:00:00.000,PROD_A,19.23,true,5,87,2199,104
276,2023-10-04T00:00:00.000,PROD_A,19.38,false,8,111,2073,126
277,2023-10-05T00:00:00.000,PROD_A,19.68,false,6,162,1752,173
278,2023-10-06T00:00:00.000,PROD_A,19.95,false,9,120,1889,142
279,2023-10-07T00:00:00.000,PROD_A,21.63,false,8,105,2218,119
280,2023-10-08T00:00:00.000,PROD_A,21.08,false,9,149,3016,165
281,2023-10-09T00:00:00.000,PROD_A,20.02,false,9,122,2831,149
282,2023-10-10T00:00:00.000,PROD_A,20.82,false,7,98,2886,125
283,2023-10-11T00:00:00.000,PROD_A,20,false,9,54,2865,80
284,2023-10-12T00:00:00.000,PROD_A,20.51,false,5,107,2432,120
285,2023-10-13T00:00:00.000,PROD_A,21.78,true,6,167,1851,173
286,2023-10-14T00:00:00.000,PROD_A,18.96,false,7,80,2141,86
287,2023-10-15T00:00:00.000,PROD_A,21.24,false,7,89,2734,106
288,2023-10-16T00:00:00.000,PROD_A,21.83,true,7,102,1953,114
289,2023-10-17T00:00:00.000,PROD_A,20.22,false,6,91,2244,109
290,2023-10-18T00:00:00.000,PROD_A,21.08,false,5,109,2712,110
291,2023-10-19T00:00:00.000,PROD_A,21.41,false,5,124,3101,132
292,2023-10-20T00:00:00.000,PROD_A,18.22,true,7,95,1752,113
293,2023-10-21T00:00:00.000,PROD_A,19.78,true,7,123,3042,131
294,2023-10-22T00:00:00.000,PROD_A,18.43,false,8,125,2905,127
295,2023-10-23T00:00:00.000,PROD_A,19.49,true,8,129,3022,133
296,2023-10-24T00:00:00.000,PROD_A,19.28,false,6,108,1806,122
297,2023-10-25T00:00:00.000,PROD_A,19.63,false,8,105,2562,123
298,2023-10-26T00:00:00.000,PROD_A,19.66,false,8,108,1914,136
299,2023-10-27T00:00:00.000,PROD_A,20.3,false,5,103,2320,117
300,2023-10-28T00:00:00.000,PROD_A,18.1,false,6,73,2739,80
301,2023-10-29T00:00:00.000,PROD_A,21.96,false,6,117,2708,123
302,2023-10-30T00:00:00.000,PROD_A,20.36,true,5,112,2876,130
303,2023-10-31T00:00:00.000,PROD_A,18.96,false,7,66,2377,80
304,2023-11-01T00:00:00.000,PROD_A,19.59,false,6,176,2461,205
305,2023-11-02T00:00:00.000,PROD_A,20.13,false,7,151,2867,159
306,2023-11-03T00:00:00.000,PROD_A,18.16,false,8,138,3015,149
307,2023-11-04T00:00:00.000,PROD_A,20.08,false,8,142,2951,155
308,2023-11-05T00:00:00.000,PROD_A,21.65,false,9,177,3050,192
309,2023-11-06T00:00:00.000,PROD_A,21.7,false,6,175,1982,187
310,2023-11-07T00:00:00.000,PROD_A,18.07,false,9,167,3105,194
311,2023-11-08T00:00:00.000,PROD_A,19.47,false,8,167,1953,180
312,2023-11-09T00:00:00.000,PROD_A,19.8,false,8,154,3056,180
313,2023-11-10T00:00:00.000,PROD_A,21.67,true,8,168,1873,188
314,2023-11-11T00:00:00.000,PROD_A,20.85,true,9,224,2323,271
315,2023-11-12T00:00:00.000,PROD_A,21.91,true,9,221,1903,245
316,2023-11-13T00:00:00.000,PROD_A,20.38,false,5,216,2548,234
317,2023-11-14T00:00:00.000,PROD_A,18.48,false,5,222,2881,255
318,2023-11-15T00:00:00.000,PROD_A,19.56,false,8,177,2169,178
319,2023-11-16T00:00:00.000,PROD_A,18.52,false,8,144,3091,165
320,2023-11-17T00:00:00.000,PROD_A,19.09,false,9,218,3086,238
321,2023-11-18T00:00:00.000,PROD_A,19.38,true,6,191,1677,214
322,2023-11-19T00:00:00.000,PROD_A,19.78,false,7,182,2682,203
323,2023-11-20T00:00:00.000,PROD_A,20.78,false,5,212,2293,233
324,2023-11-21T00:00:00.000,PROD_A,18.19,false,6,206,2642,234
325,2023-11-22T00:00:00.000,PROD_A,19.52,true,6,162,2565,167
326,2023-11-23T00:00:00.000,PROD_A,21.97,false,5,193,2817,232
327,2023-11-24T00:00:00.000,PROD_A,21.47,false,7,138,2568,150
328,2023-11-25T00:00:00.000,PROD_A,19.39,false,9,175,2409,205
329,2023-11-26T00:00:00.000,PROD_A,18.24,false,6,212,2359,245
330,2023-11-27T00:00:00.000,PROD_A,18.72,true,8,228,1812,255
331,2023-11-28T00:00:00.000,PROD_A,20.22,false,5,132,2141,125
332,2023-11-29T00:00:00.000,PROD_A,18.14,false,6,188,1829,231
333,2023-11-30T00:00:00.000,PROD_A,18.77,false,6,210,2292,246
334,2023-12-01T00:00:00.000,PROD_A,18.89,false,8,180,2198,193
335,2023-12-02T00:00:00.000,PROD_A,21.1,true,9,291,1796,316
336,2023-12-03T00:00:00.000,PROD_A,19.58,false,9,291,2025,313
337,2023-12-04T00:00:00.000,PROD_A,21.23,false,6,264,2355,280
338,2023-12-05T00:00:00.000,PROD_A,21.71,false,6,243,2948,275
339,2023-12-06T00:00:00.000,PROD_A,20.37,false,9,221,2231,219
340,2023-12-07T00:00:00.000,PROD_A,19.9,false,6,254,2746,296
341,2023-12-08T00:00:00.000,PROD_A,19.79,false,7,192,1666,212
342,2023-12-09T00:00:00.000,PROD_A,20.73,false,7,307,1887,329
343,2023-12-10T00:00:00.000,PROD_A,18.74,false,8,267,2605,294
344,2023-12-11T00:00:00.000,PROD_A,21.81,false,5,208,2073,211
345,2023-12-12T00:00:00.000,PROD_A,19.85,false,6,274,3016,297
346,2023-12-13T00:00:00.000,PROD_A,20.4,false,8,266,1687,286
347,2023-12-14T00:00:00.000,PROD_A,18.1,false,6,195,2861,206
348,2023-12-15T00:00:00.000,PROD_A,20.02,true,9,194,2752,211
349,2023-12-16T00:00:00.000,PROD_A,21.06,false,5,263,2356,298
350,2023-12-17T00:00:00.000,PROD_A,18.33,false,7,237,1786,267
351,2023-12-18T00:00:00.000,PROD_A,19.44,false,9,271,1718,310
352,2023-12-19T00:00:00.000,PROD_A,21.05,false,7,277,1974,289
353,2023-12-20T00:00:00.000,PROD_A,21.26,false,9,253,1690,278
354,2023-12-21T00:00:00.000,PROD_A,19.81,false,7,245,1665,271
355,2023-12-22T00:00:00.000,PROD_A,19.61,false,8,217,2857,236
356,2023-12-23T00:00:00.000,PROD_A,20.32,false,7,307,1847,342
357,2023-12-24T00:00:00.000,PROD_A,19.46,false,8,286,2000,312
358,2023-12-25T00:00:00.000,PROD_A,19.73,false,7,202,2886,216
359,2023-12-26T00:00:00.000,PROD_A,21.66,false,9,247,2395,271
360,2023-12-27T00:00:00.000,PROD_A,20.15,false,8,298,2906,312
361,2023-12-28T00:00:00.000,PROD_A,19.72,true,5,240,2762,253
362,2023-12-29T00:00:00.000,PROD_A,18.65,false,7,226,2174,239
363,2023-12-30T00:00:00.000,PROD_A,19.13,false,8,278,1848,300
364,2023-12-31T00:00:00.000,PROD_A,19,false,8,265,1971,285
365,2024-01-01T00:00:00.000,PROD_A,21.31,false,9,160,2491,177
366,2024-01-02T00:00:00.000,PROD_A,18.91,false,6,118,2619,145
367,2024-01-03T00:00:00.000,PROD_A,20.99,false,9,125,2192,143
368,2024-01-04T00:00:00.000,PROD_A,19.54,false,9,170,2990,184
369,2024-01-05T00:00:00.000,PROD_A,19.16,false,8,141,1803,175
370,2024-01-06T00:00:00.000,PROD_A,21.64,false,6,166,2354,178
371,2024-01-07T00:00:00.000,PROD_A,19.36,false,5,182,1751,194
372,2024-01-08T00:00:00.000,PROD_A,19.76,false,5,121,2020,132
373,2024-01-09T00:00:00.000,PROD_A,19.22,false,8,169,2262,199
374,2024-01-10T00:00:00.000,PROD_A,18.01,true,8,153,2484,182
375,2024-01-11T00:00:00.000,PROD_A,20.54,true,7,161,2925,155
376,2024-01-12T00:00:00.000,PROD_A,18.42,false,7,164,2002,169
377,2024-01-13T00:00:00.000,PROD_A,20.54,false,6,215,1839,236
378,2024-01-14T00:00:00.000,PROD_A,20.28,false,9,170,3058,175
379,2024-01-15T00:00:00.000,PROD_A,18.05,false,9,153,2100,177
380,2024-01-16T00:00:00.000,PROD_A,19.86,false,9,212,2224,243
381,2024-01-17T00:00:00.000,PROD_A,21.88,false,9,170,3125,176
382,2024-01-18T00:00:00.000,PROD_A,19.93,false,7,159,2976,183
383,2024-01-19T00:00:00.000,PROD_A,21.62,false,9,187,3109,196
384,2024-01-20T00:00:00.000,PROD_A,20.97,false,6,202,2004,207
385,2024-01-21T00:00:00.000,PROD_A,21.19,false,8,187,2587,214
386,2024-01-22T00:00:00.000,PROD_A,20.5,false,7,170,2352,178
387,2024-01-23T00:00:00.000,PROD_A,20.79,true,8,174,2562,184
388,2024-01-24T00:00:00.000,PROD_A,19.86,true,6,170,2294,176
389,2024-01-25T00:00:00.000,PROD_A,18.06,true,8,197,3136,222
390,2024-01-26T00:00:00.000,PROD_A,18.04,false,7,171,2910,190
391,2024-01-27T00:00:00.000,PROD_A,19.86,false,9,156,2115,176
392,2024-01-28T00:00:00.000,PROD_A,21.63,true,7,229,1785,237
393,2024-01-29T00:00:00.000,PROD_A,19.24,false,8,183,2789,191
394,2024-01-30T00:00:00.000,PROD_A,18.7,false,8,163,2741,189
395,2024-01-31T00:00:00.000,PROD_A,20.86,false,8,196,2251,213
396,2024-02-01T00:00:00.000,PROD_A,18.34,false,9,191,2897,225
397,2024-02-02T00:00:00.000,PROD_A,19.37,false,5,173,2801,199
398,2024-02-03T00:00:00.000,PROD_A,20.51,true,7,219,2607,235
399,2024-02-04T00:00:00.000,PROD_A,18.36,false,5,239,2153,250
400,2024-02-05T00:00:00.000,PROD_A,20.14,false,5,210,2801,236
401,2024-02-06T00:00:00.000,PROD_A,19.33,false,6,177,1922,194
402,2024-02-07T00:00:00.000,PROD_A,20.92,false,6,189,1677,197
403,2024-02-08T00:00:00.000,PROD_A,20.55,true,6,181,2522,191
404,2024-02-09T00:00:00.000,PROD_A,20.73,false,8,187,2551,206
405,2024-02-10T00:00:00.000,PROD_A,20.9,false,7,197,3128,212
406,2024-02-11T00:00:00.000,PROD_A,20.8,true,9,180,2245,196
407,2024-02-12T00:00:00.000,PROD_A,19.24,false,6,210,2818,213
408,2024-02-13T00:00:00.000,PROD_A,18.97,false,7,188,2790,208
409,2024-02-14T00:00:00.000,PROD_A,21.25,false,7,134,2585,149
410,2024-02-15T00:00:00.000,PROD_A,19.44,false,9,167,2255,186
411,2024-02-16T00:00:00.000,PROD_A,19.42,false,5,207,1912,214
412,2024-02-17T00:00:00.000,PROD_A,20.01,false,5,219,1911,243
413,2024-02-18T00:00:00.000,PROD_A,19.56,true,9,216,2604,264
414,2024-02-19T00:00:00.000,PROD_A,18.53,false,6,192,1734,224
415,2024-02-20T00:00:00.000,PROD_A,21.66,false,8,165,2393,171
416,2024-02-21T00:00:00.000,PROD_A,20,false,5,167,2749,180
417,2024-02-22T00:00:00.000,PROD_A,21.22,true,5,214,2260,240
418,2024-02-23T00:00:00.000,PROD_A,20.63,false,6,170,1786,176
419,2024-02-24T00:00:00.000,PROD_A,20.72,false,8,200,1836,218
420,2024-02-25T00:00:00.000,PROD_A,18.84,false,6,177,1725,189
421,2024-02-26T00:00:00.000,PROD_A,18.42,false,9,202,1925,215
422,2024-02-27T00:00:00.000,PROD_A,21.95,false,7,209,2701,219
423,2024-02-28T00:00:00.000,PROD_A,18.91,true,7,208,3042,238
424,2024-02-29T00:00:00.000,PROD_A,20.05,false,5,219,1840,217
425,2024-03-01T00:00:00.000,PROD_A,19.18,false,9,176,1924,191
426,2024-03-02T00:00:00.000,PROD_A,18.49,false,7,218,2018,241
427,2024-03-03T00:00:00.000,PROD_A,19.71,false,7,194,2000,220
428,2024-03-04T00:00:00.000,PROD_A,18.58,false,7,220,2861,251
429,2024-03-05T00:00:00.000,PROD_A,19.56,false,8,170,2185,170
430,2024-03-06T00:00:00.000,PROD_A,20.96,false,7,220,2310,236
431,2024-03-07T00:00:00.000,PROD_A,21.67,false,8,183,3136,188
432,2024-03-08T00:00:00.000,PROD_A,21.64,false,9,176,2020,191
433,2024-03-09T00:00:00.000,PROD_A,20.49,true,5,264,2622,300
434,2024-03-10T00:00:00.000,PROD_A,18.86,true,8,227,2056,246
435,2024-03-11T00:00:00.000,PROD_A,18.07,false,5,169,3101,182
436,2024-03-12T00:00:00.000,PROD_A,18.33,false,6,184,1925,206
437,2024-03-13T00:00:00.000,PROD_A,18.49,false,9,200,3126,223
438,2024-03-14T00:00:00.000,PROD_A,21.49,false,5,211,2398,226
439,2024-03-15T00:00:00.000,PROD_A,19.51,false,6,203,2494,222
440,2024-03-16T00:00:00.000,PROD_A,20.94,false,7,212,3044,220
441,2024-03-17T00:00:00.000,PROD_A,21.98,true,6,257,2137,291
442,2024-03-18T00:00:00.000,PROD_A,21.85,false,9,177,2604,190
443,2024-03-19T00:00:00.000,PROD_A,21.02,false,7,191,2857,207
444,2024-03-20T00:00:00.000,PROD_A,21.4,false,9,217,2323,246
445,2024-03-21T00:00:00.000,PROD_A,20.65,true,7,212,2375,235
446,2024-03-22T00:00:00.000,PROD_A,21.38,false,8,186,1919,196
447,2024-03-23T00:00:00.000,PROD_A,18.26,false,9,213,1843,229
448,2024-03-24T00:00:00.000,PROD_A,20.62,false,5,185,1962,215
449,2024-03-25T00:00:00.000,PROD_A,18,false,6,217,2569,261
450,2024-03-26T00:00:00.000,PROD_A,19.15,false,6,198,2683,214
451,2024-03-27T00:00:00.000,PROD_A,19.33,false,8,210,1858,223
452,2024-03-28T00:00:00.000,PROD_A,19.16,true,9,221,1860,238
453,2024-03-29T00:00:00.000,PROD_A,20.56,false,8,210,1714,230
454,2024-03-30T00:00:00.000,PROD_A,18.44,false,9,255,2322,275
455,2024-03-31T00:00:00.000,PROD_A,19.71,false,7,207,2284,219
456,2024-04-01T00:00:00.000,PROD_A,18.68,false,5,207,2915,212
457,2024-04-02T00:00:00.000,PROD_A,21.54,false,7,197,2766,227
458,2024-04-03T00:00:00.000,PROD_A,18.31,false,8,163,2192,167
459,2024-04-04T00:00:00.000,PROD_A,19.53,false,7,211,2277,240
460,2024-04-05T00:00:00.000,PROD_A,20.79,false,6,162,2943,161
461,2024-04-06T00:00:00.000,PROD_A,18.38,false,8,223,2253,256
462,2024-04-07T00:00:00.000,PROD_A,21.06,false,5,238,1912,263
463,2024-04-08T00:00:00.000,PROD_A,19.53,false,7,192,1846,200
464,2024-04-09T00:00:00.000,PROD_A,21.69,true,6,191,2512,214
465,2024-04-10T00:00:00.000,PROD_A,18.73,false,8,196,1807,212
466,2024-04-11T00:00:00.000,PROD_A,19.58,false,6,191,2225,215
467,2024-04-12T00:00:00.000,PROD_A,20.09,false,6,175,2629,200
468,2024-04-13T00:00:00.000,PROD_A,19.48,false,5,176,2740,199
469,2024-04-14T00:00:00.000,PROD_A,21.76,false,6,201,2360,220
470,2024-04-15T00:00:00.000,PROD_A,19.35,false,6,191,3059,202
471,2024-04-16T00:00:00.000,PROD_A,20.71,false,8,205,3102,213
472,2024-04-17T00:00:00.000,PROD_A,20.5,true,6,189,2268,207
473,2024-04-18T00:00:00.000,PROD_A,20.67,false,6,204,2249,238
474,2024-04-19T00:00:00.000,PROD_A,19.06,false,6,162,2018,176
475,2024-04-20T00:00:00.000,PROD_A,19.41,true,6,196,1900,218
476,2024-04-21T00:00:00.000,PROD_A,18.6,true,7,206,1827,219
477,2024-04-22T00:00:00.000,PROD_A,21.57,false,6,212,2496,237
478,2024-04-23T00:00:00.000,PROD_A,20.68,false,6,205,1740,205
479,2024-04-24T00:00:00.000,PROD_A,21.72,false,5,165,2120,196
480,2024-04-25T00:00:00.000,PROD_A,19.25,false,9,228,2970,252
481,2024-04-26T00:00:00.000,PROD_A,21.85,true,5,227,2268,248
482,2024-04-27T00:00:00.000,PROD_A,18.09,true,8,235,3076,266
483,2024-04-28T00:00:00.000,PROD_A,18.66,true,5,232,2587,249
484,2024-04-29T00:00:00.000,PROD_A,20.2,false,7,198,2638,221
485,2024-04-30T00:00:00.000,PROD_A,21.25,true,5,222,2855,249
486,2024-05-01T00:00:00.000,PROD_A,19.06,false,7,184,2021,199
487,2024-05-02T00:00:00.000,PROD_A,19.53,false,9,216,2977,235
488,2024-05-03T00:00:00.000,PROD_A,19.9,false,9,185,2770,201
489,2024-05-04T00:00:00.000,PROD_A,19.94,false,8,233,2512,247
490,2024-05-05T00:00:00.000,PROD_A,18.15,true,9,207,2034,255
491,2024-05-06T00:00:00.000,PROD_A,19.91,false,5,207,2688,229
492,2024-05-07T00:00:00.000,PROD_A,20.62,false,8,202,3105,205
493,2024-05-08T00:00:00.000,PROD_A,20.72,false,9,224,2230,255
494,2024-05-09T00:00:00.000,PROD_A,21.12,true,9,177,2489,202
495,2024-05-10T00:00:00.000,PROD_A,20.67,false,8,191,2310,226
496,2024-05-11T00:00:00.000,PROD_A,18.84,false,9,162,2045,181
497,2024-05-12T00:00:00.000,PROD_A,21.02,false,5,209,2031,218
498,2024-05-13T00:00:00.000,PROD_A,21.94,true,5,182,3125,209
499,2024-05-14T00:00:00.000,PROD_A,18.24,false,9,167,2693,186
500,2024-05-15T00:00:00.000,PROD_A,19.65,false,8,185,2017,201
501,2024-05-16T00:00:00.000,PROD_A,21.3,false,6,209,2526,222
502,2024-05-17T00:00:00.000,PROD_A,18.75,false,6,239,2350,282
503,2024-05-18T00:00:00.000,PROD_A,20.74,true,5,211,2911,220
504,2024-05-19T00:00:00.000,PROD_A,19.56,false,9,243,2041,278
505,2024-05-20T00:00:00.000,PROD_A,18.92,false,6,177,2867,197
506,2024-05-21T00:00:00.000,PROD_A,19.51,false,7,178,1988,183
507,2024-05-22T00:00:00.000,PROD_A,20.63,false,7,176,3088,180
508,2024-05-23T00:00:00.000,PROD_A,21.86,false,5,169,2109,191
509,2024-05-24T00:00:00.000,PROD_A,20.53,false,9,169,2510,186
510,2024-05-25T00:00:00.000,PROD_A,21.12,false,8,197,2036,216
511,2024-05-26T00:00:00.000,PROD_A,19.85,false,7,176,2685,173
512,2024-05-27T00:00:00.000,PROD_A,21.38,false,8,200,2140,200
513,2024-05-28T00:00:00.000,PROD_A,20.69,false,6,164,1964,181
514,2024-05-29T00:00:00.000,PROD_A,20.53,false,9,212,2282,230
515,2024-05-30T00:00:00.000,PROD_A,20.27,false,5,215,1736,225
516,2024-05-31T00:00:00.000,PROD_A,20.09,false,9,163,2084,187
517,2024-06-01T00:00:00.000,PROD_A,19.69,false,7,240,2024,254
518,2024-06-02T00:00:00.000,PROD_A,19.47,false,8,219,1978,228
519,2024-06-03T00:00:00.000,PROD_A,18.56,true,7,241,2875,276
520,2024-06-04T00:00:00.000,PROD_A,18.05,true,5,191,2410,214
521,2024-06-05T00:00:00.000,PROD_A,18.72,false,5,245,2192,267
522,2024-06-06T00:00:00.000,PROD_A,19.11,true,6,220,2643,239
523,2024-06-07T00:00:00.000,PROD_A,18.62,false,7,249,1906,275
524,2024-06-08T00:00:00.000,PROD_A,20.71,false,6,277,1886,315
525,2024-06-09T00:00:00.000,PROD_A,19.38,false,5,212,1748,240
526,2024-06-10T00:00:00.000,PROD_A,21.72,false,6,272,2008,280
527,2024-06-11T00:00:00.000,PROD_A,18.24,false,7,222,2131,242
528,2024-06-12T00:00:00.000,PROD_A,19.68,false,6,246,1797,254
529,2024-06-13T00:00:00.000,PROD_A,20.25,true,6,174,2460,189
530,2024-06-14T00:00:00.000,PROD_A,21.52,false,9,267,2703,294
531,2024-06-15T00:00:00.000,PROD_A,21.55,false,7,270,2579,300
532,2024-06-16T00:00:00.000,PROD_A,20.5,true,9,249,2881,280
533,2024-06-17T00:00:00.000,PROD_A,21.42,true,6,223,1664,249
534,2024-06-18T00:00:00.000,PROD_A,20.51,false,7,227,2783,245
535,2024-06-19T00:00:00.000,PROD_A,20.72,false,5,228,2006,246
536,2024-06-20T00:00:00.000,PROD_A,19.12,true,7,216,2524,222
537,2024-06-21T00:00:00.000,PROD_A,20.14,true,5,218,2604,239
538,2024-06-22T00:00:00.000,PROD_A,20.08,false,6,218,1764,235
539,2024-06-23T00:00:00.000,PROD_A,20.35,false,8,235,2166,260
540,2024-06-24T00:00:00.000,PROD_A,19.51,false,9,149,2327,175
541,2024-06-25T00:00:00.000,PROD_A,20.5,false,8,206,1907,218
542,2024-06-26T00:00:00.000,PROD_A,21.13,false,6,182,3077,205
543,2024-06-27T00:00:00.000,PROD_A,20.18,false,7,200,1788,210
544,2024-06-28T00:00:00.000,PROD_A,20.71,false,7,196,2820,216
545,2024-06-29T00:00:00.000,PROD_A,18.98,false,6,282,1750,305
546,2024-06-30T00:00:00.000,PROD_A,20.2,false,8,278,2759,291
547,2024-07-01T00:00:00.000,PROD_A,18.35,false,6,154,2144,175
548,2024-07-02T00:00:00.000,PROD_A,18.82,false,5,148,2622,164
549,2024-07-03T00:00:00.000,PROD_A,18.86,false,9,145,2492,163
550,2024-07-04T00:00:00.000,PROD_A,19.09,false,7,131,1885,147
551,2024-07-05T00:00:00.000,PROD_A,20.1,false,6,170,1719,182
552,2024-07-06T00:00:00.000,PROD_A,18.38,false,9,194,2012,216
553,2024-07-07T00:00:00.000,PROD_A,20.93,true,6,151,2982,152
554,2024-07-08T00:00:00.000,PROD_A,20.63,false,8,134,2477,144
555,2024-07-09T00:00:00.000,PROD_A,19.8,true,9,154,1880,152
556,2024-07-10T00:00:00.000,PROD_A,21.04,false,9,121,1960,143
557,2024-07-11T00:00:00.000,PROD_A,18.29,false,8,127,2802,110
558,2024-07-12T00:00:00.000,PROD_A,20.01,false,7,151,1710,152
559,2024-07-13T00:00:00.000,PROD_A,19.2,false,9,180,2243,187
560,2024-07-14T00:00:00.000,PROD_A,19.95,false,9,175,1874,182
561,2024-07-15T00:00:00.000,PROD_A,21.13,true,5,102,1774,112
562,2024-07-16T00:00:00.000,PROD_A,19.56,false,8,115,1904,139
563,2024-07-17T00:00:00.000,PROD_A,19.32,false,8,109,2414,108
564,2024-07-18T00:00:00.000,PROD_A,18.63,false,9,134,2006,146
565,2024-07-19T00:00:00.000,PROD_A,20.41,true,5,118,3075,115
566,2024-07-20T00:00:00.000,PROD_A,20.32,false,8,155,2785,182
567,2024-07-21T00:00:00.000,PROD_A,21.4,false,7,180,1720,214
568,2024-07-22T00:00:00.000,PROD_A,20.13,true,7,150,2458,170
569,2024-07-23T00:00:00.000,PROD_A,20.53,false,6,147,2929,137
570,2024-07-24T00:00:00.000,PROD_A,18.09,false,8,164,3092,169
571,2024-07-25T00:00:00.000,PROD_A,21.31,false,5,121,1730,118
572,2024-07-26T00:00:00.000,PROD_A,19.58,false,6,81,3113,100
573,2024-07-27T00:00:00.000,PROD_A,20.99,false,7,142,2901,155
574,2024-07-28T00:00:00.000,PROD_A,20.67,false,5,101,1657,108
575,2024-07-29T00:00:00.000,PROD_A,19.83,false,9,126,2519,152
576,2024-07-30T00:00:00.000,PROD_A,19.72,false,7,151,1691,163
577,2024-07-31T00:00:00.000,PROD_A,19.52,false,5,132,3055,143
578,2024-08-01T00:00:00.000,PROD_A,20.55,false,9,140,1852,154
579,2024-08-02T00:00:00.000,PROD_A,20.08,false,8,114,1687,121
580,2024-08-03T00:00:00.000,PROD_A,19.34,false,7,130,3051,149
581,2024-08-04T00:00:00.000,PROD_A,18.1,true,5,161,2108,158
582,2024-08-05T00:00:00.000,PROD_A,19.93,false,9,83,2935,94
583,2024-08-06T00:00:00.000,PROD_A,20.71,false,6,119,3031,134
584,2024-08-07T00:00:00.000,PROD_A,21.44,true,8,123,2986,143
585,2024-08-08T00:00:00.000,PROD_A,19.37,false,6,134,2924,151
586,2024-08-09T00:00:00.000,PROD_A,20.53,true,7,132,2923,126
587,2024-08-10T00:00:00.000,PROD_A,20.05,false,8,156,1841,172
588,2024-08-11T00:00:00.000,PROD_A,20.7,false,8,165,2369,183
589,2024-08-12T00:00:00.000,PROD_A,21.24,false,5,134,1914,156
590,2024-08-13T00:00:00.000,PROD_A,18.92,false,7,102,2739,125
591,2024-08-14T00:00:00.000,PROD_A,20.46,true,6,104,1870,123
592,2024-08-15T00:00:00.000,PROD_A,21.34,false,5,122,2408,136
593,2024-08-16T00:00:00.000,PROD_A,21.51,false,6,103,2672,94
594,2024-08-17T00:00:00.000,PROD_A,20.66,false,7,90,2684,83
595,2024-08-18T00:00:00.000,PROD_A,20.37,false,5,106,2682,132
596,2024-08-19T00:00:00.000,PROD_A,18.97,false,9,125,2255,135
597,2024-08-20T00:00:00.000,PROD_A,18.45,false,5,101,1980,102
598,2024-08-21T00:00:00.000,PROD_A,21.06,false,6,123,2195,142
599,2024-08-22T00:00:00.000,PROD_A,19.85,false,8,112,3114,122
600,2024-08-23T00:00:00.000,PROD_A,20.04,false,6,88,3054,111
601,2024-08-24T00:00:00.000,PROD_A,18.21,false,8,142,2605,158
602,2024-08-25T00:00:00.000,PROD_A,20.9,false,9,138,2948,150
603,2024-08-26T00:00:00.000,PROD_A,21.57,false,8,96,2176,106
604,2024-08-27T00:00:00.000,PROD_A,20.7,false,6,76,1995,98
605,2024-08-28T00:00:00.000,PROD_A,20.09,false,5,88,1871,99
606,2024-08-29T00:00:00.000,PROD_A,20.58,true,5,99,1957,114
607,2024-08-30T00:00:00.000,PROD_A,18.38,false,6,102,2261,100
608,2024-08-31T00:00:00.000,PROD_A,18.86,false,5,137,1745,161
609,2024-09-01T00:00:00.000,PROD_A,19.32,true,5,102,2969,104
610,2024-09-02T00:00:00.000,PROD_A,19.09,false,6,130,2991,122
611,2024-09-03T00:00:00.000,PROD_A,20.72,false,9,144,2222,153
612,2024-09-04T00:00:00.000,PROD_A,21.7,false,9,114,2625,125
613,2024-09-05T00:00:00.000,PROD_A,21.1,false,7,114,2494,123
614,2024-09-06T00:00:00.000,PROD_A,20.15,false,8,128,2993,149
615,2024-09-07T00:00:00.000,PROD_A,19,false,9,120,1808,140
616,2024-09-08T00:00:00.000,PROD_A,21.58,false,6,129,2036,128
617,2024-09-09T00:00:00.000,PROD_A,19.8,true,7,93,2982,97
618,2024-09-10T00:00:00.000,PROD_A,20.65,false,9,117,2284,135
619,2024-09-11T00:00:00.000,PROD_A,19.08,false,5,128,2208,148
620,2024-09-12T00:00:00.000,PROD_A,19.38,false,7,105,2729,120
621,2024-09-13T00:00:00.000,PROD_A,20.63,false,5,121,2505,141
622,2024-09-14T00:00:00.000,PROD_A,21.92,false,8,104,2336,111
623,2024-09-15T00:00:00.000,PROD_A,21.39,false,9,116,2960,139
624,2024-09-16T00:00:00.000,PROD_A,18.43,false,6,95,2260,89
625,2024-09-17T00:00:00.000,PROD_A,19.71,false,7,104,2977,104
626,2024-09-18T00:00:00.000,PROD_A,21.66,true,6,89,2028,107
627,2024-09-19T00:00:00.000,PROD_A,18.97,false,9,66,1682,80
628,2024-09-20T00:00:00.000,PROD_A,21.13,false,8,119,2222,123
629,2024-09-21T00:00:00.000,PROD_A,18.45,true,9,131,2012,149
630,2024-09-22T00:00:00.000,PROD_A,19.08,false,8,132,2397,140
631,2024-09-23T00:00:00.000,PROD_A,18.02,false,7,91,2987,96
632,2024-09-24T00:00:00.000,PROD_A,19.99,false,9,96,2200,96
633,2024-09-25T00:00:00.000,PROD_A,21.53,false,6,93,2245,108
634,2024-09-26T00:00:00.000,PROD_A,18.14,false,9,129,2303,151
635,2024-09-27T00:00:00.000,PROD_A,19.06,false,8,73,2305,80
636,2024-09-28T00:00:00.000,PROD_A,21.96,false,8,133,2110,150
637,2024-09-29T00:00:00.000,PROD_A,21.35,false,8,126,2809,145
638,2024-09-30T00:00:00.000,PROD_A,21.16,false,5,105,2931,114
639,2024-10-01T00:00:00.000,PROD_A,20.42,false,9,112,3072,129
640,2024-10-02T00:00:00.000,PROD_A,20.28,false,7,87,2675,88
641,2024-10-03T00:00:00.000,PROD_A,19.88,false,8,110,3001,119
642,2024-10-04T00:00:00.000,PROD_A,18.87,true,7,108,3067,138
643,2024-10-05T00:00:00.000,PROD_A,19.88,false,5,111,2653,121
644,2024-10-06T00:00:00.000,PROD_A,18.39,false,8,101,2667,96
645,2024-10-07T00:00:00.000,PROD_A,21.07,true,9,81,2900,83
646,2024-10-08T00:00:00.000,PROD_A,19.07,false,7,84,2150,110
647,2024-10-09T00:00:00.000,PROD_A,21.15,false,9,72,1932,80
648,2024-10-10T00:00:00.000,PROD_A,18.15,false,5,135,3111,148
649,2024-10-11T00:00:00.000,PROD_A,20.84,false,8,105,2300,110
650,2024-10-12T00:00:00.000,PROD_A,21.99,false,7,117,2014,120
651,2024-10-13T00:00:00.000,PROD_A,18.86,true,5,118,1797,133
652,2024-10-14T00:00:00.000,PROD_A,19.59,true,5,145,2407,144
653,2024-10-15T00:00:00.000,PROD_A,19.28,false,8,105,2816,109
654,2024-10-16T00:00:00.000,PROD_A,19.47,false,7,122,3077,142
655,2024-10-17T00:00:00.000,PROD_A,20.3,false,5,87,2460,85
656,2024-10-18T00:00:00.000,PROD_A,20.23,false,6,125,2967,139
657,2024-10-19T00:00:00.000,PROD_A,20.56,false,8,127,2577,144
658,2024-10-20T00:00:00.000,PROD_A,20.64,true,8,141,1829,155
659,2024-10-21T00:00:00.000,PROD_A,19.77,false,7,144,2840,140
660,2024-10-22T00:00:00.000,PROD_A,19.14,false,7,58,2535,80
661,2024-10-23T00:00:00.000,PROD_A,18.83,false,7,115,2439,120
662,2024-10-24T00:00:00.000,PROD_A,20.25,true,7,87,2107,84
663,2024-10-25T00:00:00.000,PROD_A,19.01,false,6,96,2809,116
664,2024-10-26T00:00:00.000,PROD_A,21.28,true,8,189,3063,191
665,2024-10-27T00:00:00.000,PROD_A,19.98,false,5,90,2715,94
666,2024-10-28T00:00:00.000,PROD_A,18.29,false,7,108,1641,113
667,2024-10-29T00:00:00.000,PROD_A,20.95,false,7,168,3094,165
668,2024-10-30T00:00:00.000,PROD_A,21.91,true,7,101,1692,106
669,2024-10-31T00:00:00.000,PROD_A,20.57,false,6,126,1742,136
670,2024-11-01T00:00:00.000,PROD_A,18.81,false,6,197,2857,212
671,2024-11-02T00:00:00.000,PROD_A,21.85,true,8,171,2450,203
672,2024-11-03T00:00:00.000,PROD_A,18.09,false,6,187,2875,217
673,2024-11-04T00:00:00.000,PROD_A,19.74,false,8,182,2903,194
674,2024-11-05T00:00:00.000,PROD_A,20.13,false,6,140,2806,156
675,2024-11-06T00:00:00.000,PROD_A,20.77,false,6,226,1967,263
676,2024-11-07T00:00:00.000,PROD_A,19.91,false,6,190,3032,218
677,2024-11-08T00:00:00.000,PROD_A,21.82,false,5,198,1663,191
678,2024-11-09T00:00:00.000,PROD_A,21.03,false,7,209,2689,227
679,2024-11-10T00:00:00.000,PROD_A,21.9,true,5,158,1730,172
680,2024-11-11T00:00:00.000,PROD_A,19.15,false,6,148,2610,172
681,2024-11-12T00:00:00.000,PROD_A,18.66,false,8,192,2998,197
682,2024-11-13T00:00:00.000,PROD_A,19.32,false,7,205,3115,218
683,2024-11-14T00:00:00.000,PROD_A,20.33,true,7,155,2074,170
684,2024-11-15T00:00:00.000,PROD_A,18.05,false,5,126,2039,137
685,2024-11-16T00:00:00.000,PROD_A,20.27,false,8,206,2323,220
686,2024-11-17T00:00:00.000,PROD_A,19.61,false,8,220,1670,242
687,2024-11-18T00:00:00.000,PROD_A,21.61,false,7,147,3066,158
688,2024-11-19T00:00:00.000,PROD_A,19.91,false,8,193,2405,201
689,2024-11-20T00:00:00.000,PROD_A,18.57,false,7,184,2782,199
690,2024-11-21T00:00:00.000,PROD_A,19.38,false,8,168,2809,185
691,2024-11-22T00:00:00.000,PROD_A,19.06,false,5,196,2545,237
692,2024-11-23T00:00:00.000,PROD_A,18.54,false,7,179,2600,206
693,2024-11-24T00:00:00.000,PROD_A,20.28,false,5,245,2602,288
694,2024-11-25T00:00:00.000,PROD_A,18.74,false,8,175,2328,178
695,2024-11-26T00:00:00.000,PROD_A,19.09,true,7,233,2738,261
696,2024-11-27T00:00:00.000,PROD_A,21.32,false,8,149,2702,168
697,2024-11-28T00:00:00.000,PROD_A,21.57,false,9,137,2966,153
698,2024-11-29T00:00:00.000,PROD_A,18.73,false,9,157,2576,173
699,2024-11-30T00:00:00.000,PROD_A,20.98,false,9,238,2198,263
700,2024-12-01T00:00:00.000,PROD_A,21.27,false,6,212,1785,221
701,2024-12-02T00:00:00.000,PROD_A,20.97,false,6,246,2822,278
702,2024-12-03T00:00:00.000,PROD_A,20.42,false,7,239,2763,257
703,2024-12-04T00:00:00.000,PROD_A,18.16,false,6,225,3092,243
704,2024-12-05T00:00:00.000,PROD_A,21.62,false,7,273,2818,285
705,2024-12-06T00:00:00.000,PROD_A,21.9,true,8,263,2589,279
706,2024-12-07T00:00:00.000,PROD_A,20.97,false,7,179,2044,214
707,2024-12-08T00:00:00.000,PROD_A,18.17,false,6,225,1827,238
708,2024-12-09T00:00:00.000,PROD_A,19.41,true,8,189,3071,211
709,2024-12-10T00:00:00.000,PROD_A,20.43,true,5,250,1731,273
710,2024-12-11T00:00:00.000,PROD_A,21.15,false,5,240,2118,250
711,2024-12-12T00:00:00.000,PROD_A,21.82,false,7,255,2933,277
712,2024-12-13T00:00:00.000,PROD_A,20.63,false,9,290,2326,317
713,2024-12-14T00:00:00.000,PROD_A,18.94,false,8,251,2511,284
714,2024-12-15T00:00:00.000,PROD_A,21.2,false,6,231,2268,255
715,2024-12-16T00:00:00.000,PROD_A,20.94,false,7,276,2054,313
716,2024-12-17T00:00:00.000,PROD_A,20.54,false,7,199,2804,230
717,2024-12-18T00:00:00.000,PROD_A,19.98,false,6,208,2302,236
718,2024-12-19T00:00:00.000,PROD_A,20.39,false,5,212,2297,231
719,2024-12-20T00:00:00.000,PROD_A,21.82,false,7,282,2375,310
720,2024-12-21T00:00:00.000,PROD_A,18.88,false,8,285,2668,315
721,2024-12-22T00:00:00.000,PROD_A,18.98,false,7,272,2386,309
722,2024-12-23T00:00:00.000,PROD_A,19.31,false,9,257,1796,285
723,2024-12-24T00:00:00.000,PROD_A,21.24,false,9,261,3010,285
724,2024-12-25T00:00:00.000,PROD_A,20.66,false,6,315,2584,346
725,2024-12-26T00:00:00.000,PROD_A,20.77,false,7,242,1745,275
726,2024-12-27T00:00:00.000,PROD_A,18.43,false,8,196,2762,222
727,2024-12-28T00:00:00.000,PROD_A,19.45,true,9,263,2317,317
728,2024-12-29T00:00:00.000,PROD_A,21.19,true,6,323,2071,356
729,2024-12-30T00:00:00.000,PROD_A,18.36,false,5,283,3078,308
730,2024-12-31T00:00:00.000,PROD_A,18.35,false,8,286,2438,306
731,2025-01-01T00:00:00.000,PROD_A,20.26,false,6,124,2356,135
732,2025-01-02T00:00:00.000,PROD_A,20.79,false,5,136,2405,151
733,2025-01-03T00:00:00.000,PROD_A,19.07,false,9,152,2643,185
734,2025-01-04T00:00:00.000,PROD_A,19.47,false,6,153,2215,159
735,2025-01-05T00:00:00.000,PROD_A,18.43,false,8,177,3018,197
736,2025-01-06T00:00:00.000,PROD_A,21.18,false,9,156,2481,175
737,2025-01-07T00:00:00.000,PROD_A,18.56,true,6,151,2992,174
738,2025-01-08T00:00:00.000,PROD_A,21.82,true,7,154,3093,156
739,2025-01-09T00:00:00.000,PROD_A,21.69,false,7,158,2973,174
740,2025-01-10T00:00:00.000,PROD_A,20.44,false,8,122,2946,148
741,2025-01-11T00:00:00.000,PROD_A,21.68,false,5,162,2155,180
742,2025-01-12T00:00:00.000,PROD_A,20.57,false,6,164,2761,182
743,2025-01-13T00:00:00.000,PROD_A,21.18,false,6,159,1892,173
744,2025-01-14T00:00:00.000,PROD_A,20.51,false,8,168,2163,175
745,2025-01-15T00:00:00.000,PROD_A,20.63,false,5,140,1854,153
746,2025-01-16T00:00:00.000,PROD_A,18.61,true,6,145,3069,169
747,2025-01-17T00:00:00.000,PROD_A,19.36,false,5,166,3041,170
748,2025-01-18T00:00:00.000,PROD_A,21.63,false,5,176,1692,192
749,2025-01-19T00:00:00.000,PROD_A,21.54,false,9,188,2969,210
750,2025-01-20T00:00:00.000,PROD_A,21.89,false,6,218,1766,246
751,2025-01-21T00:00:00.000,PROD_A,19.16,false,9,180,2546,222
752,2025-01-22T00:00:00.000,PROD_A,19.51,false,6,198,2344,212
753,2025-01-23T00:00:00.000,PROD_A,20.12,true,6,160,2429,177
754,2025-01-24T00:00:00.000,PROD_A,20.87,false,7,178,3013,198
755,2025-01-25T00:00:00.000,PROD_A,19.06,false,8,219,2562,254
756,2025-01-26T00:00:00.000,PROD_A,18.33,true,6,192,2182,199
757,2025-01-27T00:00:00.000,PROD_A,18.63,false,8,175,2998,192
758,2025-01-28T00:00:00.000,PROD_A,21.43,false,8,175,2396,201
759,2025-01-29T00:00:00.000,PROD_A,20.93,false,7,189,2165,225
760,2025-01-30T00:00:00.000,PROD_A,18.14,false,8,149,3002,166
761,2025-01-31T00:00:00.000,PROD_A,18.22,false,6,180,2405,200
762,2025-02-01T00:00:00.000,PROD_A,18.95,false,6,224,2458,256
763,2025-02-02T00:00:00.000,PROD_A,19.63,false,6,218,2707,259
764,2025-02-03T00:00:00.000,PROD_A,20.23,false,8,169,2804,197
765,2025-02-04T00:00:00.000,PROD_A,21.94,false,6,228,3124,270
766,2025-02-05T00:00:00.000,PROD_A,19.79,false,5,172,2710,193
767,2025-02-06T00:00:00.000,PROD_A,21.44,false,5,172,3109,171
768,2025-02-07T00:00:00.000,PROD_A,20.03,false,8,167,2996,185
769,2025-02-08T00:00:00.000,PROD_A,19.92,true,8,210,3043,221
770,2025-02-09T00:00:00.000,PROD_A,21.58,true,8,203,2164,214
771,2025-02-10T00:00:00.000,PROD_A,18.4,false,5,170,1925,184
772,2025-02-11T00:00:00.000,PROD_A,19.76,false,6,183,2019,192
773,2025-02-12T00:00:00.000,PROD_A,19.51,false,8,216,2494,234
774,2025-02-13T00:00:00.000,PROD_A,18.85,false,9,166,1918,175
775,2025-02-14T00:00:00.000,PROD_A,18.91,false,8,184,2488,198
776,2025-02-15T00:00:00.000,PROD_A,20.89,false,7,192,2426,222
777,2025-02-16T00:00:00.000,PROD_A,19.74,false,9,207,2960,227
778,2025-02-17T00:00:00.000,PROD_A,18.6,false,5,184,2133,187
779,2025-02-18T00:00:00.000,PROD_A,20.45,true,9,187,1782,210
780,2025-02-19T00:00:00.000,PROD_A,18.39,false,9,178,1794,190
781,2025-02-20T00:00:00.000,PROD_A,18.4,false,6,192,1673,218
782,2025-02-21T00:00:00.000,PROD_A,20.47,false,7,184,2260,206
783,2025-02-22T00:00:00.000,PROD_A,19.97,false,7,212,3041,239
784,2025-02-23T00:00:00.000,PROD_A,20.31,false,8,190,2004,211
785,2025-02-24T00:00:00.000,PROD_A,21.98,false,9,186,2489,207
786,2025-02-25T00:00:00.000,PROD_A,20.87,false,8,176,2197,212
787,2025-02-26T00:00:00.000,PROD_A,19.6,true,8,193,2447,219
788,2025-02-27T00:00:00.000,PROD_A,18.48,false,7,165,2752,168
789,2025-02-28T00:00:00.000,PROD_A,18.9,false,7,203,1833,227
790,2025-03-01T00:00:00.000,PROD_A,19.41,true,6,235,2805,255
791,2025-03-02T00:00:00.000,PROD_A,20.19,true,6,224,3087,245
792,2025-03-03T00:00:00.000,PROD_A,18.07,false,9,186,2572,200
793,2025-03-04T00:00:00.000,PROD_A,19.5,false,9,219,2863,249
794,2025-03-05T00:00:00.000,PROD_A,21.44,false,8,212,2189,245
795,2025-03-06T00:00:00.000,PROD_A,21.89,false,8,181,1915,213
796,2025-03-07T00:00:00.000,PROD_A,19.64,false,7,209,2515,243
797,2025-03-08T00:00:00.000,PROD_A,21.19,false,7,201,2552,231
798,2025-03-09T00:00:00.000,PROD_A,21.72,false,8,218,1652,230
799,2025-03-10T00:00:00.000,PROD_A,19.79,false,8,205,3121,233
800,2025-03-11T00:00:00.000,PROD_A,18.73,true,6,224,2863,243
801,2025-03-12T00:00:00.000,PROD_A,20.37,false,8,168,1748,184
802,2025-03-13T00:00:00.000,PROD_A,18.47,false,5,229,2707,260
803,2025-03-14T00:00:00.000,PROD_A,18.8,false,9,200,2051,206
804,2025-03-15T00:00:00.000,PROD_A,19.16,false,7,229,1731,257
805,2025-03-16T00:00:00.000,PROD_A,19,true,9,239,3040,262
806,2025-03-17T00:00:00.000,PROD_A,21.79,false,8,183,2774,205
807,2025-03-18T00:00:00.000,PROD_A,18.26,true,8,204,2062,220
808,2025-03-19T00:00:00.000,PROD_A,20.81,false,6,218,2128,255
809,2025-03-20T00:00:00.000,PROD_A,21.44,false,7,215,2661,237
810,2025-03-21T00:00:00.000,PROD_A,20.08,true,7,213,2437,217
811,2025-03-22T00:00:00.000,PROD_A,21.65,false,8,228,2094,233
812,2025-03-23T00:00:00.000,PROD_A,20.83,true,5,206,2283,235
813,2025-03-24T00:00:00.000,PROD_A,19.5,false,8,198,1755,218
814,2025-03-25T00:00:00.000,PROD_A,20.2,true,6,208,2244,227
815,2025-03-26T00:00:00.000,PROD_A,20.83,true,7,194,2712,194
816,2025-03-27T00:00:00.000,PROD_A,18.05,false,9,183,2215,190
817,2025-03-28T00:00:00.000,PROD_A,19.17,false,8,193,1730,220
818,2025-03-29T00:00:00.000,PROD_A,21.68,false,5,203,3038,224
819,2025-03-30T00:00:00.000,PROD_A,19.89,false,8,214,3053,244
820,2025-03-31T00:00:00.000,PROD_A,20.56,true,8,177,2114,191
821,2025-04-01T00:00:00.000,PROD_A,19.3,false,5,204,2967,211
822,2025-04-02T00:00:00.000,PROD_A,19.14,false,7,178,2785,205
823,2025-04-03T00:00:00.000,PROD_A,18.44,true,9,166,2380,189
824,2025-04-04T00:00:00.000,PROD_A,18.81,false,6,171,1761,184
825,2025-04-05T00:00:00.000,PROD_A,20.75,true,7,237,3058,263
826,2025-04-06T00:00:00.000,PROD_A,20.83,false,9,217,1706,222
827,2025-04-07T00:00:00.000,PROD_A,20.98,true,7,191,2132,207
828,2025-04-08T00:00:00.000,PROD_A,21.84,false,5,162,2119,139
829,2025-04-09T00:00:00.000,PROD_A,20.64,false,9,195,1899,204
830,2025-04-10T00:00:00.000,PROD_A,20.31,false,9,181,2260,216
831,2025-04-11T00:00:00.000,PROD_A,19.65,false,5,152,2736,151
832,2025-04-12T00:00:00.000,PROD_A,19.08,true,6,225,2420,249
833,2025-04-13T00:00:00.000,PROD_A,19.02,false,9,241,2187,254
834,2025-04-14T00:00:00.000,PROD_A,18.96,false,7,185,1716,198
835,2025-04-15T00:00:00.000,PROD_A,19.75,false,6,177,2191,201
836,2025-04-16T00:00:00.000,PROD_A,20.75,false,8,203,1771,219
837,2025-04-17T00:00:00.000,PROD_A,18.83,false,6,211,2035,220
838,2025-04-18T00:00:00.000,PROD_A,20.61,false,9,208,2731,234
839,2025-04-19T00:00:00.000,PROD_A,20.23,false,6,237,2105,264
840,2025-04-20T00:00:00.000,PROD_A,21.85,false,9,208,1779,221
841,2025-04-21T00:00:00.000,PROD_A,18.15,false,8,205,1840,236
842,2025-04-22T00:00:00.000,PROD_A,19.76,false,6,200,2155,229
843,2025-04-23T00:00:00.000,PROD_A,18.9,false,7,176,1787,185
844,2025-04-24T00:00:00.000,PROD_A,20.36,false,8,196,3118,209
845,2025-04-25T00:00:00.000,PROD_A,21.05,false,8,160,2208,189
846,2025-04-26T00:00:00.000,PROD_A,19.73,false,5,201,2329,219
847,2025-04-27T00:00:00.000,PROD_A,19.4,true,5,176,2771,188
848,2025-04-28T00:00:00.000,PROD_A,20.04,true,9,227,1745,258
849,2025-04-29T00:00:00.000,PROD_A,20.91,false,9,205,2886,224
850,2025-04-30T00:00:00.000,PROD_A,19.8,true,5,239,1769,247
851,2025-05-01T00:00:00.000,PROD_A,18.32,false,6,218,2823,241
852,2025-05-02T00:00:00.000,PROD_A,20.31,false,7,208,2842,233
853,2025-05-03T00:00:00.000,PROD_A,20.77,false,6,185,2768,203
854,2025-05-04T00:00:00.000,PROD_A,21.9,false,5,178,2499,201
855,2025-05-05T00:00:00.000,PROD_A,18.56,false,8,172,2360,183
856,2025-05-06T00:00:00.000,PROD_A,19.09,true,8,161,2849,169
857,2025-05-07T00:00:00.000,PROD_A,21.65,true,9,167,2700,181
858,2025-05-08T00:00:00.000,PROD_A,19.56,false,5,237,1717,257
859,2025-05-09T00:00:00.000,PROD_A,21.93,false,7,204,2647,214
860,2025-05-10T00:00:00.000,PROD_A,18.28,false,9,200,1865,219
861,2025-05-11T00:00:00.000,PROD_A,19.46,false,6,185,1760,186
862,2025-05-12T00:00:00.000,PROD_A,21.88,true,7,211,2471,225
863,2025-05-13T00:00:00.000,PROD_A,21.09,false,6,196,1842,227
864,2025-05-14T00:00:00.000,PROD_A,21.92,false,6,201,1905,241
865,2025-05-15T00:00:00.000,PROD_A,20.63,false,8,140,2941,160
866,2025-05-16T00:00:00.000,PROD_A,20.49,false,9,158,1884,168
867,2025-05-17T00:00:00.000,PROD_A,19.33,false,8,179,1754,198
868,2025-05-18T00:00:00.000,PROD_A,20.52,false,6,208,2617,245
869,2025-05-19T00:00:00.000,PROD_A,21.11,false,8,215,1650,234
870,2025-05-20T00:00:00.000,PROD_A,21.63,false,5,218,1974,247
871,2025-05-21T00:00:00.000,PROD_A,19.26,false,5,172,2056,173
872,2025-05-22T00:00:00.000,PROD_A,18.52,false,6,180,2555,195
873,2025-05-23T00:00:00.000,PROD_A,19.62,true,7,155,2268,165
874,2025-05-24T00:00:00.000,PROD_A,19.94,false,6,206,2910,222
875,2025-05-25T00:00:00.000,PROD_A,21.94,true,8,172,1993,179
876,2025-05-26T00:00:00.000,PROD_A,18.29,false,7,214,2643,228
877,2025-05-27T00:00:00.000,PROD_A,19.08,false,5,167,3017,199
878,2025-05-28T00:00:00.000,PROD_A,18.4,false,9,140,1686,149
879,2025-05-29T00:00:00.000,PROD_A,20.82,true,5,146,1687,155
880,2025-05-30T00:00:00.000,PROD_A,18.81,false,7,196,2669,228
881,2025-05-31T00:00:00.000,PROD_A,18.08,true,8,223,2492,237
882,2025-06-01T00:00:00.000,PROD_A,19.5,true,5,214,2228,231
883,2025-06-02T00:00:00.000,PROD_A,19.68,false,8,313,2738,348
884,2025-06-03T00:00:00.000,PROD_A,20.23,false,9,218,2325,244
885,2025-06-04T00:00:00.000,PROD_A,20.1,false,5,214,2820,225
886,2025-06-05T00:00:00.000,PROD_A,21.3,false,5,217,2454,224
887,2025-06-06T00:00:00.000,PROD_A,21.14,false,7,201,2983,210
888,2025-06-07T00:00:00.000,PROD_A,19.67,true,7,265,3058,294
889,2025-06-08T00:00:00.000,PROD_A,19.1,true,6,237,2798,266
890,2025-06-09T00:00:00.000,PROD_A,20.55,true,6,238,2779,258
891,2025-06-10T00:00:00.000,PROD_A,18.49,false,8,308,2233,326
892,2025-06-11T00:00:00.000,PROD_A,19.06,false,6,238,2346,265
893,2025-06-12T00:00:00.000,PROD_A,20.72,false,6,263,1734,284
894,2025-06-13T00:00:00.000,PROD_A,21.05,false,7,185,2928,204
895,2025-06-14T00:00:00.000,PROD_A,20.44,true,7,291,1906,321
896,2025-06-15T00:00:00.000,PROD_A,18.24,true,7,257,1840,283
897,2025-06-16T00:00:00.000,PROD_A,21.3,false,8,209,2495,217
898,2025-06-17T00:00:00.000,PROD_A,19.74,false,9,225,3072,245
899,2025-06-18T00:00:00.000,PROD_A,20.6,false,9,239,2040,267
900,2025-06-19T00:00:00.000,PROD_A,19.28,false,6,195,2025,205
901,2025-06-20T00:00:00.000,PROD_A,21.68,false,7,223,1710,250
902,2025-06-21T00:00:00.000,PROD_A,18.31,false,5,235,2837,264
903,2025-06-22T00:00:00.000,PROD_A,21.74,false,8,239,2309,259
904,2025-06-23T00:00:00.000,PROD_A,19.09,false,5,193,1778,210
905,2025-06-24T00:00:00.000,PROD_A,21.79,true,8,223,2362,255
906,2025-06-25T00:00:00.000,PROD_A,18.91,false,9,191,2077,209
907,2025-06-26T00:00:00.000,PROD_A,20.84,false,6,224,2400,246
908,2025-06-27T00:00:00.000,PROD_A,20.67,false,8,228,2032,236
909,2025-06-28T00:00:00.000,PROD_A,20.32,false,8,218,2907,240
910,2025-06-29T00:00:00.000,PROD_A,19.11,false,9,273,1955,290
911,2025-06-30T00:00:00.000,PROD_A,18.74,false,5,221,2895,234
912,2025-07-01T00:00:00.000,PROD_A,19.94,true,6,185,2473,192
913,2025-07-02T00:00:00.000,PROD_A,19.25,false,6,159,2017,165
914,2025-07-03T00:00:00.000,PROD_A,19.11,false,6,144,3082,152
915,2025-07-04T00:00:00.000,PROD_A,21.59,false,6,131,1731,146
916,2025-07-05T00:00:00.000,PROD_A,19.06,false,5,158,1664,156
917,2025-07-06T00:00:00.000,PROD_A,20.51,true,5,153,1679,177
918,2025-07-07T00:00:00.000,PROD_A,18.07,false,7,172,2811,183
919,2025-07-08T00:00:00.000,PROD_A,20.33,false,7,139,2414,170
920,2025-07-09T00:00:00.000,PROD_A,21.31,false,5,163,2877,172
921,2025-07-10T00:00:00.000,PROD_A,18.46,false,7,164,1918,181
922,2025-07-11T00:00:00.000,PROD_A,21.1,false,9,130,2225,148
923,2025-07-12T00:00:00.000,PROD_A,19.92,false,6,177,2266,210
924,2025-07-13T00:00:00.000,PROD_A,18.43,true,7,153,2549,171
925,2025-07-14T00:00:00.000,PROD_A,20.49,true,8,150,2818,157
926,2025-07-15T00:00:00.000,PROD_A,19.6,false,5,140,2079,152
927,2025-07-16T00:00:00.000,PROD_A,19.04,false,8,172,1761,184
928,2025-07-17T00:00:00.000,PROD_A,18.24,false,6,150,1721,163
929,2025-07-18T00:00:00.000,PROD_A,19.97,false,5,138,3061,165
930,2025-07-19T00:00:00.000,PROD_A,18.29,false,5,167,2326,163
931,2025-07-20T00:00:00.000,PROD_A,19.01,false,8,147,1855,165
932,2025-07-21T00:00:00.000,PROD_A,19.63,false,7,150,2601,155
933,2025-07-22T00:00:00.000,PROD_A,20.91,false,5,111,1663,127
934,2025-07-23T00:00:00.000,PROD_A,18.03,false,7,105,1859,114
935,2025-07-24T00:00:00.000,PROD_A,19.62,false,6,114,2206,140
936,2025-07-25T00:00:00.000,PROD_A,19.23,false,8,125,2270,120
937,2025-07-26T00:00:00.000,PROD_A,20.21,false,5,177,2888,190
938,2025-07-27T00:00:00.000,PROD_A,19.44,false,9,136,3116,148
939,2025-07-28T00:00:00.000,PROD_A,21.54,true,7,129,3078,135
940,2025-07-29T00:00:00.000,PROD_A,19.94,false,8,118,2951,131
941,2025-07-30T00:00:00.000,PROD_A,18.24,false,5,121,1757,113
942,2025-07-31T00:00:00.000,PROD_A,19.23,false,8,100,2243,100
943,2025-08-01T00:00:00.000,PROD_A,20.41,false,9,143,2955,142
944,2025-08-02T00:00:00.000,PROD_A,19.15,false,8,157,2692,168
945,2025-08-03T00:00:00.000,PROD_A,20.66,true,7,120,2026,124
946,2025-08-04T00:00:00.000,PROD_A,18.91,false,6,117,2637,133
947,2025-08-05T00:00:00.000,PROD_A,20.87,false,8,142,2130,175
948,2025-08-06T00:00:00.000,PROD_A,18.16,false,5,137,2469,170
949,2025-08-07T00:00:00.000,PROD_A,20.46,false,9,124,2902,129
950,2025-08-08T00:00:00.000,PROD_A,20.95,false,6,114,2021,127
951,2025-08-09T00:00:00.000,PROD_A,19.51,true,8,90,2893,104
952,2025-08-10T00:00:00.000,PROD_A,18.41,false,6,132,2146,143
953,2025-08-11T00:00:00.000,PROD_A,20.42,false,6,119,1641,130
954,2025-08-12T00:00:00.000,PROD_A,18.09,true,9,106,2415,116
955,2025-08-13T00:00:00.000,PROD_A,19.92,false,6,109,3134,103
956,2025-08-14T00:00:00.000,PROD_A,20.5,false,9,115,2595,124
957,2025-08-15T00:00:00.000,PROD_A,21.24,true,9,87,2447,86
958,2025-08-16T00:00:00.000,PROD_A,19.97,false,5,62,2073,80
959,2025-08-17T00:00:00.000,PROD_A,19.78,true,7,120,2128,133
960,2025-08-18T00:00:00.000,PROD_A,18.65,false,5,84,2293,104
961,2025-08-19T00:00:00.000,PROD_A,19.14,false,9,120,2448,128
962,2025-08-20T00:00:00.000,PROD_A,18.32,true,5,97,2651,113
963,2025-08-21T00:00:00.000,PROD_A,21.25,false,5,93,1959,110
964,2025-08-22T00:00:00.000,PROD_A,19.71,true,8,120,2856,130
965,2025-08-23T00:00:00.000,PROD_A,18.24,false,5,129,2962,154
966,2025-08-24T00:00:00.000,PROD_A,19.49,false,7,118,2294,135
967,2025-08-25T00:00:00.000,PROD_A,21.39,true,5,110,3039,117
968,2025-08-26T00:00:00.000,PROD_A,19.09,false,7,80,2684,84
969,2025-08-27T00:00:00.000,PROD_A,18.37,false,6,99,2456,104
970,2025-08-28T00:00:00.000,PROD_A,20.61,false,8,99,1995,126
971,2025-08-29T00:00:00.000,PROD_A,18.43,true,6,59,3034,80
972,2025-08-30T00:00:00.000,PROD_A,19.31,false,8,141,2815,137
973,2025-08-31T00:00:00.000,PROD_A,19.9,false,7,115,2475,129
974,2025-09-01T00:00:00.000,PROD_A,18.68,false,5,111,2289,114
975,2025-09-02T00:00:00.000,PROD_A,19.94,true,7,134,1734,144
976,2025-09-03T00:00:00.000,PROD_A,21.45,false,6,107,2364,110
977,2025-09-04T00:00:00.000,PROD_A,19.17,false,5,89,1803,121
978,2025-09-05T00:00:00.000,PROD_A,20.07,false,9,107,2873,124
979,2025-09-06T00:00:00.000,PROD_A,19.5,false,7,117,2653,123
980,2025-09-07T00:00:00.000,PROD_A,19.81,true,6,135,2828,152
981,2025-09-08T00:00:00.000,PROD_A,19.91,false,9,107,1752,124
982,2025-09-09T00:00:00.000,PROD_A,20.92,false,8,93,1702,99
983,2025-09-10T00:00:00.000,PROD_A,20.59,false,9,130,2448,137
984,2025-09-11T00:00:00.000,PROD_A,18.5,false,7,120,2754,141
985,2025-09-12T00:00:00.000,PROD_A,18.44,false,5,81,1851,105
986,2025-09-13T00:00:00.000,PROD_A,19.4,false,9,158,1951,197
987,2025-09-14T00:00:00.000,PROD_A,20.29,false,8,147,2067,147
988,2025-09-15T00:00:00.000,PROD_A,20.76,false,6,80,2721,88
989,2025-09-16T00:00:00.000,PROD_A,19.99,false,6,122,2837,123
990,2025-09-17T00:00:00.000,PROD_A,21.93,false,9,76,1814,85
991,2025-09-18T00:00:00.000,PROD_A,21,false,8,134,2530,150
992,2025-09-19T00:00:00.000,PROD_A,20.17,false,5,90,1993,94
993,2025-09-20T00:00:00.000,PROD_A,21.45,false,5,93,2146,80
994,2025-09-21T00:00:00.000,PROD_A,21.31,true,8,85,2132,84
995,2025-09-22T00:00:00.000,PROD_A,18.06,false,8,125,3090,123
996,2025-09-23T00:00:00.000,PROD_A,19.44,false,6,122,2692,139
997,2025-09-24T00:00:00.000,PROD_A,20.28,true,7,93,2986,102
998,2025-09-25T00:00:00.000,PROD_A,18.5,false,6,136,2934,130
999,2025-09-26T00:00:00.000,PROD_A,19.94,true,8,114,3012,136
1000,2025-09-27T00:00:00.000,PROD_A,21.52,false,9,139,2356,153
1001,2025-09-28T00:00:00.000,PROD_A,18.67,true,5,116,2425,131
1002,2025-09-29T00:00:00.000,PROD_A,18.36,true,8,75,2202,88
1003,2025-09-30T00:00:00.000,PROD_A,18.94,false,9,96,1883,135
1004,2025-10-01T00:00:00.000,PROD_A,18.43,false,5,90,2905,109
1005,2025-10-02T00:00:00.000,PROD_A,21.49,false,9,101,2975,114
1006,2025-10-03T00:00:00.000,PROD_A,20.44,false,6,147,2596,160
1007,2025-10-04T00:00:00.000,PROD_A,20.5,false,7,126,2313,160
1008,2025-10-05T00:00:00.000,PROD_A,20.02,false,7,120,1731,128
1009,2025-10-06T00:00:00.000,PROD_A,21.74,false,8,92,2066,89
1010,2025-10-07T00:00:00.000,PROD_A,19.51,false,5,105,1715,113
1011,2025-10-08T00:00:00.000,PROD_A,21.31,false,5,128,2513,161
1012,2025-10-09T00:00:00.000,PROD_A,18.51,false,5,81,2044,88
1013,2025-10-10T00:00:00.000,PROD_A,18.79,false,9,111,2446,116
1014,2025-10-11T00:00:00.000,PROD_A,18.54,true,7,104,2638,100
1015,2025-10-12T00:00:00.000,PROD_A,19.59,false,7,108,2941,114
1016,2025-10-13T00:00:00.000,PROD_A,19.81,false,6,106,2347,115
1017,2025-10-14T00:00:00.000,PROD_A,21.61,false,5,82,1821,99
1018,2025-10-15T00:00:00.000,PROD_A,21.24,false,8,122,2548,129
1019,2025-10-16T00:00:00.000,PROD_A,18.29,false,7,111,2187,118
1020,2025-10-17T00:00:00.000,PROD_A,21.56,false,7,122,2723,135
1021,2025-10-18T00:00:00.000,PROD_A,20.36,false,5,111,3110,120
1022,2025-10-19T00:00:00.000,PROD_A,21.36,false,5,116,2716,132
1023,2025-10-20T00:00:00.000,PROD_A,21.64,false,8,140,3005,145
1024,2025-10-21T00:00:00.000,PROD_A,21.9,false,6,111,3049,99
1025,2025-10-22T00:00:00.000,PROD_A,19.7,false,8,108,2076,121
1026,2025-10-23T00:00:00.000,PROD_A,20.43,false,7,113,3106,125
1027,2025-10-24T00:00:00.000,PROD_A,20.84,false,5,102,2990,103
1028,2025-10-25T00:00:00.000,PROD_A,19.8,false,6,148,1836,171
1029,2025-10-26T00:00:00.000,PROD_A,19.17,false,5,134,2792,136
1030,2025-10-27T00:00:00.000,PROD_A,20.02,false,7,113,1898,125
1031,2025-10-28T00:00:00.000,PROD_A,18.51,false,6,107,1810,118
1032,2025-10-29T00:00:00.000,PROD_A,19.03,false,6,70,2101,86
1033,2025-10-30T00:00:00.000,PROD_A,20.83,true,6,99,2335,105
1034,2025-10-31T00:00:00.000,PROD_A,20.04,false,5,122,2550,128
1035,2025-11-01T00:00:00.000,PROD_A,21.29,true,9,216,1867,220
1036,2025-11-02T00:00:00.000,PROD_A,20.47,false,5,240,2512,269
1037,2025-11-03T00:00:00.000,PROD_A,19.95,true,9,197,1843,204
1038,2025-11-04T00:00:00.000,PROD_A,19.7,true,9,178,3116,194
1039,2025-11-05T00:00:00.000,PROD_A,18.16,false,6,224,2742,240
1040,2025-11-06T00:00:00.000,PROD_A,21.53,false,7,147,1988,144
1041,2025-11-07T00:00:00.000,PROD_A,19.87,false,5,195,2107,214
1042,2025-11-08T00:00:00.000,PROD_A,20.92,false,6,157,1981,178
1043,2025-11-09T00:00:00.000,PROD_A,19.61,false,6,158,2005,182
1044,2025-11-10T00:00:00.000,PROD_A,21.54,false,9,193,2153,231
1045,2025-11-11T00:00:00.000,PROD_A,19.78,true,6,153,2680,153
1046,2025-11-12T00:00:00.000,PROD_A,19.06,false,5,144,3136,174
1047,2025-11-13T00:00:00.000,PROD_A,19.51,false,7,217,2312,226
1048,2025-11-14T00:00:00.000,PROD_A,19.18,false,6,190,1873,209
1049,2025-11-15T00:00:00.000,PROD_A,21.18,false,5,223,2782,235
1050,2025-11-16T00:00:00.000,PROD_A,21.23,true,9,232,2064,254
1051,2025-11-17T00:00:00.000,PROD_A,19.46,false,8,143,1919,152
1052,2025-11-18T00:00:00.000,PROD_A,19.42,true,6,140,1709,144
1053,2025-11-19T00:00:00.000,PROD_A,19.71,false,9,161,2378,183
1054,2025-11-20T00:00:00.000,PROD_A,21.41,false,8,243,2169,270
1055,2025-11-21T00:00:00.000,PROD_A,18.93,false,6,201,1669,215
1056,2025-11-22T00:00:00.000,PROD_A,18.76,false,5,242,3044,266
1057,2025-11-23T00:00:00.000,PROD_A,18.66,false,8,195,2186,220
1058,2025-11-24T00:00:00.000,PROD_A,19.71,true,7,189,1910,186
1059,2025-11-25T00:00:00.000,PROD_A,18.78,true,9,171,2480,178
1060,2025-11-26T00:00:00.000,PROD_A,19.68,false,5,201,3109,223
1061,2025-11-27T00:00:00.000,PROD_A,21.01,false,5,143,2253,160
1062,2025-11-28T00:00:00.000,PROD_A,18.37,false,8,182,2622,201
1063,2025-11-29T00:00:00.000,PROD_A,20.57,true,5,198,1664,207
1064,2025-11-30T00:00:00.000,PROD_A,20.05,false,5,188,2448,216
1065,2025-12-01T00:00:00.000,PROD_A,21.77,false,7,259,2926,268
1066,2025-12-02T00:00:00.000,PROD_A,18.22,false,6,247,2791,270
1067,2025-12-03T00:00:00.000,PROD_A,20.21,false,5,213,1637,241
1068,2025-12-04T00:00:00.000,PROD_A,18.76,true,9,262,2727,280
1069,2025-12-05T00:00:00.000,PROD_A,21.52,false,5,216,1821,241
1070,2025-12-06T00:00:00.000,PROD_A,19.03,false,9,221,2024,264
1071,2025-12-07T00:00:00.000,PROD_A,21.6,true,8,206,1773,212
1072,2025-12-08T00:00:00.000,PROD_A,18.01,true,7,237,2610,263
1073,2025-12-09T00:00:00.000,PROD_A,19.93,false,6,185,2170,211
1074,2025-12-10T00:00:00.000,PROD_A,19.63,false,9,247,2280,252
1075,2025-12-11T00:00:00.000,PROD_A,19.33,false,5,268,2914,301
1076,2025-12-12T00:00:00.000,PROD_A,21.22,false,8,288,2759,322
1077,2025-12-13T00:00:00.000,PROD_A,20.37,false,7,248,2745,280
1078,2025-12-14T00:00:00.000,PROD_A,20.55,false,7,268,1904,299
1079,2025-12-15T00:00:00.000,PROD_A,20.69,false,7,257,1969,264
1080,2025-12-16T00:00:00.000,PROD_A,20.74,false,6,226,2871,253
1081,2025-12-17T00:00:00.000,PROD_A,18.53,false,5,196,2804,226
1082,2025-12-18T00:00:00.000,PROD_A,21.36,false,8,290,1957,330
1083,2025-12-19T00:00:00.000,PROD_A,18.62,true,8,273,2895,267
1084,2025-12-20T00:00:00.000,PROD_A,20.38,false,8,228,1800,248
1085,2025-12-21T00:00:00.000,PROD_A,21.69,false,5,278,2541,325
1086,2025-12-22T00:00:00.000,PROD_A,18.61,true,6,169,2026,186
1087,2025-12-23T00:00:00.000,PROD_A,18.07,false,7,287,3005,320
1088,2025-12-24T00:00:00.000,PROD_A,18.96,false,6,287,3046,333
1089,2025-12-25T00:00:00.000,PROD_A,20.09,false,8,267,1979,298
1090,2025-12-26T00:00:00.000,PROD_A,20.72,false,9,275,2717,310
1091,2025-12-27T00:00:00.000,PROD_A,20.8,false,6,285,1978,337
1092,2025-12-28T00:00:00.000,PROD_A,20.21,false,7,268,2011,281
1093,2025-12-29T00:00:00.000,PROD_A,18.83,true,5,288,1793,298
1094,2025-12-30T00:00:00.000,PROD_A,20.03,false,5,277,1705,311
